{
  "version": 2,
  "destroyed": [
    309159272711.6297,
    67754022248.820015,
    94722082579.31001,
    332150073557.2002,
    45377563443.14998,
    274439879389.2801,
    366561840501.3298,
    97848990198.89006,
    25608590227.21,
    69014515430.52003,
    68650368134.29995,
    86348846139.89005,
    123409072539.13,
    251829053678.59998,
    130353190855.30995
  ],
  "lost": [
    361571122091.9105,
    81961617964.13995,
    33283151990.420006,
    180345978934.90015,
    20192479262.569984,
    217416825261.6601,
    300424230336.40955,
    64212284594.489944,
    13892408009.81,
    47633681456.96004,
    17165292457.630007,
    41333757374.69997,
    25577325627.25003,
    199255602112.68015,
    29405844482.720005
  ]
}